rnbqkbnr/pppppppp/8/8/8/8/PPPPPPPP/RNBQKBNR w KQkq - 0 1|0
rnbqkbnr/pppppppp/8/8/3P4/8/PPP1PPPP/RNBQKBNR b KQkq - 0 1|0
rnbqkb1r/pppppppp/7n/8/3P4/8/PPP1PPPP/RNBQKBNR w KQkq - 1 2|0
rnbqkb1r/pppppppp/7n/8/3P4/5P2/PPP1P1PP/RNBQKBNR b KQkq - 0 2|0
rnbqkbr1/pppppppp/7n/8/3P4/5P2/PPP1P1PP/RNBQKBNR w KQq - 1 3|0
rnbqkbr1/pppppppp/7n/8/3P4/2P2P2/PP2P1PP/RNBQKBNR b KQq - 0 3|0
rnbqkbr1/ppppp1pp/7n/5p2/3P4/2P2P2/PP2P1PP/RNBQKBNR w KQq - 0 4|0
rnbqkbr1/ppppp1pp/7n/5p2/3P1P2/2P5/PP2P1PP/RNBQKBNR b KQq - 0 4|0
rnbqkbr1/ppppp1pp/8/5p2/3P1Pn1/2P5/PP2P1PP/RNBQKBNR w KQq - 1 5|0
rnbqkbr1/ppppp1pp/8/5p2/3P1Pn1/2P2N2/PP2P1PP/RNBQKB1R b KQq - 2 5|0
rnbqkbr1/ppppp1pp/8/5p2/3P1P2/2P2N2/PP2P1Pn/RNBQKB1R w KQq - 0 6|0
rnbqkbr1/ppppp1pp/8/5p2/3P1P2/2P5/PP2P1PN/RNBQKB1R b KQq - 0 6|0
rnbqkbr1/pp1pp1pp/2p5/5p2/3P1P2/2P5/PP2P1PN/RNBQKB1R w KQq - 0 7|0
rnbqkbr1/pp1pp1pp/2p5/5p2/3P1PP1/2P5/PP2P2N/RNBQKB1R b KQq - 0 7|0
rnbqkbr1/pp1pp1pp/2p5/8/3P1Pp1/2P5/PP2P2N/RNBQKB1R w KQq - 0 8|0
rnbqkbr1/pp1pp1pp/2p5/8/3P1PN1/2P5/PP2P3/RNBQKB1R b KQq - 0 8|0
rnbqkbr1/pp1p2pp/2p5/4p3/3P1PN1/2P5/PP2P3/RNBQKB1R w KQq - 0 9|0
rnbqkbr1/pp1p2pp/2p5/4p3/3P1PN1/2P1P3/PP6/RNBQKB1R b KQq - 0 9|0
rnbqkbr1/pp1p2pp/2p5/8/3P1pN1/2P1P3/PP6/RNBQKB1R w KQq - 0 10|0
rnbqkbr1/pp1p2pp/2p5/8/3P1PN1/2P5/PP6/RNBQKB1R b KQq - 0 10|0
rnbqk1r1/pp1p2pp/2p5/8/3P1PN1/b1P5/PP6/RNBQKB1R w KQq - 1 11|0
rnbqk1r1/pp1p2pp/2p5/8/3P1P2/b1P1N3/PP6/RNBQKB1R b KQq - 2 11|0
rnbqk1r1/pp1p2pp/2p5/8/3P1P2/2P1N3/Pb6/RNBQKB1R w KQq - 0 12|0
rnbqk1r1/pp1p2pp/2p5/8/3P1P2/2P1N3/PB6/RN1QKB1R b KQq - 0 12|0
rnbqk1r1/pp1p2pp/8/2p5/3P1P2/2P1N3/PB6/RN1QKB1R w KQq - 0 13|0
rnbqk1r1/pp1p2pp/8/2p4Q/3P1P2/2P1N3/PB6/RN2KB1R b KQq - 1 13|0
rnbq1kr1/pp1p2pp/8/2p4Q/3P1P2/2P1N3/PB6/RN2KB1R w KQ - 2 14|0
rnbq1kr1/pp1p2pp/8/2p2N1Q/3P1P2/2P5/PB6/RN2KB1R b KQ - 3 14|0
rnbq1kr1/pp1p2pp/8/5N1Q/3p1P2/2P5/PB6/RN2KB1R w KQ - 0 15|0
rnbq1kr1/pp1p2pp/8/7Q/3N1P2/2P5/PB6/RN2KB1R b KQ - 0 15|0
rnbq1kr1/1p1p2pp/8/p6Q/3N1P2/2P5/PB6/RN2KB1R w KQ - 0 16|0
rnbq1kr1/1p1p2pp/8/p6Q/3N1P2/B1P5/P7/RN2KB1R b KQ - 1 16|0
rnbq1kr1/1p4pp/3p4/p6Q/3N1P2/B1P5/P7/RN2KB1R w KQ - 0 17|0
rnbq1kr1/1p4pp/3p4/p6Q/2PN1P2/B7/P7/RN2KB1R b KQ - 0 17|0
rnbq1kr1/1p5p/3p2p1/p6Q/2PN1P2/B7/P7/RN2KB1R w KQ - 0 18|0
rnbq1kr1/1p5p/3p2p1/p4Q2/2PN1P2/B7/P7/RN2KB1R b KQ - 1 18|0
rnbq1kr1/1p5p/3p4/p4p2/2PN1P2/B7/P7/RN2KB1R w KQ - 0 19|0
rnbq1kr1/1p5p/3p4/p4N2/2P2P2/B7/P7/RN2KB1R b KQ - 0 19|0
rn1q1kr1/1p5p/3p4/p4b2/2P2P2/B7/P7/RN2KB1R w KQ - 0 20|0
rn1q1kr1/1p5R/3p4/p4b2/2P2P2/B7/P7/RN2KB2 b Q - 0 20|0
rn1q1kr1/1p5b/3p4/p7/2P2P2/B7/P7/RN2KB2 w Q - 0 21|0
rn1q1kr1/1p5b/3p4/p1P5/5P2/B7/P7/RN2KB2 b Q - 0 21|0
rn1q1kr1/1p6/3p4/p1P5/5P2/B7/P7/Rb2KB2 w Q - 0 22|0
rn1q1kr1/1p6/3p4/p1P5/5P2/B7/P7/1R2KB2 b - - 0 22|0
rn1q1kr1/1p6/8/p1p5/5P2/B7/P7/1R2KB2 w - - 0 23|0
rn1q1kr1/1p6/8/p1B5/5P2/8/P7/1R2KB2 b - - 0 23|0
rn1q2r1/1p3k2/8/p1B5/5P2/8/P7/1R2KB2 w - - 1 24|0
rn1q2r1/1p3k2/8/p1B5/2B2P2/8/P7/1R2K3 b - - 2 24|0
rn1q2r1/1p4k1/8/p1B5/2B2P2/8/P7/1R2K3 w - - 3 25|0
rn1q2r1/1R4k1/8/p1B5/2B2P2/8/P7/4K3 b - - 0 25|0
rn4r1/1R1q2k1/8/p1B5/2B2P2/8/P7/4K3 w - - 1 26|0
rn4r1/3R2k1/8/p1B5/2B2P2/8/P7/4K3 b - - 0 26|0
r5r1/3n2k1/8/p1B5/2B2P2/8/P7/4K3 w - - 0 27|0
r5r1/3n2k1/8/p7/2BB1P2/8/P7/4K3 b - - 1 27|0
r5r1/3n4/7k/p7/2BB1P2/8/P7/4K3 w - - 2 28|0
r5r1/3n4/7k/p7/2BB1P2/8/P4K2/8 b - - 3 28|0
5rr1/3n4/7k/p7/2BB1P2/8/P4K2/8 w - - 4 29|0
5rr1/3n4/7k/p4P2/2BB4/8/P4K2/8 b - - 0 29|0
6r1/3n4/7k/p4r2/2BB4/8/P4K2/8 w - - 0 30|0
6r1/3n4/7k/p4r2/2BB4/4K3/P7/8 b - - 1 30|0
6r1/3n4/7k/p7/2BB4/4Kr2/P7/8 w - - 2 31|0
6r1/3n4/7k/p7/2BB4/5K2/P7/8 b - - 0 31|0
6r1/8/7k/p3n3/2BB4/5K2/P7/8 w - - 1 32|0
6r1/8/7k/p3n3/2BBK3/8/P7/8 b - - 2 32|0
6r1/8/7k/p7/2nBK3/8/P7/8 w - - 0 33|0
6r1/6B1/7k/p7/2n1K3/8/P7/8 b - - 1 33|0
8/6r1/7k/p7/2n1K3/8/P7/8 w - - 0 34|0
8/6r1/7k/p7/2n5/3K4/P7/8 b - - 1 34|0
8/7r/7k/p7/2n5/3K4/P7/8 w - - 2 35|0
8/7r/7k/p7/2K5/8/P7/8 b - - 0 35|0
8/7r/6k1/p7/2K5/8/P7/8 w - - 1 36|0
8/7r/6k1/pK6/8/8/P7/8 b - - 2 36|0
7r/8/6k1/pK6/8/8/P7/8 w - - 3 37|0
7r/8/6k1/K7/8/8/P7/8 b - - 0 37|0
7r/7k/8/K7/8/8/P7/8 w - - 1 38|0
7r/7k/8/1K6/8/8/P7/8 b - - 2 38|0
4r3/7k/8/1K6/8/8/P7/8 w - - 3 39|0
4r3/7k/8/1K6/P7/8/8/8 b - - 0 39|0
8/7k/8/1K6/P7/8/4r3/8 w - - 1 40|0
8/7k/8/PK6/8/8/4r3/8 b - - 0 40|0
8/7k/4r3/PK6/8/8/8/8 w - - 1 41|0
8/7k/P3r3/1K6/8/8/8/8 b - - 0 41|0
8/7k/r7/1K6/8/8/8/8 w - - 0 42|0
rnbqkbnr/pppppppp/8/8/8/8/PPPPPPPP/RNBQKBNR w KQkq - 0 1|-1
rnbqkbnr/pppppppp/8/8/8/6P1/PPPPPP1P/RNBQKBNR b KQkq - 0 1|-1
rnbqkbnr/pp1ppppp/8/2p5/8/6P1/PPPPPP1P/RNBQKBNR w KQkq - 0 2|-1
rnbqkbnr/pp1ppppp/8/2p5/4P3/6P1/PPPP1P1P/RNBQKBNR b KQkq - 0 2|-1
rnbqkbnr/pp1p1ppp/8/2p1p3/4P3/6P1/PPPP1P1P/RNBQKBNR w KQkq - 0 3|-1
rnbqkbnr/pp1p1ppp/8/2p1p3/2B1P3/6P1/PPPP1P1P/RNBQK1NR b KQkq - 1 3|-1
rnbqkb1r/pp1p1ppp/5n2/2p1p3/2B1P3/6P1/PPPP1P1P/RNBQK1NR w KQkq - 2 4|-1
rnbqkb1r/pp1p1Bpp/5n2/2p1p3/4P3/6P1/PPPP1P1P/RNBQK1NR b KQkq - 0 4|-1
rnbq1b1r/pp1p1kpp/5n2/2p1p3/4P3/6P1/PPPP1P1P/RNBQK1NR w KQ - 0 5|-1
rnbq1b1r/pp1p1kpp/5n2/2p1p3/4P3/3P2P1/PPP2P1P/RNBQK1NR b KQ - 0 5|-1
rnbqkb1r/pp1p2pp/5n2/2p1p3/4P3/3P2P1/PPP2P1P/RNBQK1NR w KQ - 1 6|-1
rnbqkb1r/pp1p2pp/5n2/2p1p3/4P1P1/3P4/PPP2P1P/RNBQK1NR b KQ - 0 6|-1
rnbqkb1r/pp1p2p1/5n2/2p1p2p/4P1P1/3P4/PPP2P1P/RNBQK1NR w KQ - 0 7|-1
rnbqkb1r/pp1p2p1/5n2/2p1p2P/4P3/3P4/PPP2P1P/RNBQK1NR b KQ - 0 7|-1
rnbqkb1r/p2p2p1/1p3n2/2p1p2P/4P3/3P4/PPP2P1P/RNBQK1NR w KQ - 0 8|-1
rnbqkb1r/p2p2p1/1p3n2/2p1p2P/4P3/3P1P2/PPP4P/RNBQK1NR b KQ - 0 8|-1
rn1qkb1r/p2p2p1/bp3n2/2p1p2P/4P3/3P1P2/PPP4P/RNBQK1NR w KQ - 1 9|-1
rn1qkb1r/p2p2p1/bp3n2/2p1p2P/4P3/3P1P1N/PPP4P/RNBQK2R b KQ - 2 9|-1
r2qkb1r/p2p2p1/bpn2n2/2p1p2P/4P3/3P1P1N/PPP4P/RNBQK2R w KQ - 3 10|-1
r2qkb1r/p2p2p1/bpn2n2/2p1p2P/P3P3/3P1P1N/1PP4P/RNBQK2R b KQ - 0 10|-1
r2qkb1r/p2p2p1/b1n2n2/1pp1p2P/P3P3/3P1P1N/1PP4P/RNBQK2R w KQ - 0 11|-1
r2qkb1r/p2p2p1/b1n2n2/1Pp1p2P/4P3/3P1P1N/1PP4P/RNBQK2R b KQ - 0 11|-1
r2qkb1r/p2p2p1/2n2n2/1bp1p2P/4P3/3P1P1N/1PP4P/RNBQK2R w KQ - 0 12|-1
r2qkb1r/R2p2p1/2n2n2/1bp1p2P/4P3/3P1P1N/1PP4P/1NBQK2R b K - 0 12|-1
r2qkb1r/n2p2p1/5n2/1bp1p2P/4P3/3P1P1N/1PP4P/1NBQK2R w K - 0 13|-1
r2qkb1r/n2p2p1/5n2/1bp1p2P/4PB2/3P1P1N/1PP4P/1N1QK2R b K - 1 13|-1
r2qkb1r/n2p2p1/5n2/1bp4P/4Pp2/3P1P1N/1PP4P/1N1QK2R w K - 0 14|-1
r2qkb1r/n2p2p1/5n2/1bp4P/4PN2/3P1P2/1PP4P/1N1QK2R b K - 0 14|-1
r2qkb1r/n2p2p1/5n2/1b5P/2p1PN2/3P1P2/1PP4P/1N1QK2R w K - 0 15|-1
r2qkb1r/n2p2p1/5n2/1b5P/2P1PN2/5P2/1PP4P/1N1QK2R b K - 0 15|-1
r2qkb1r/n2p2p1/5n2/7P/2b1PN2/5P2/1PP4P/1N1QK2R w K - 0 16|-1
r2qkb1r/n2Q2p1/5n2/7P/2b1PN2/5P2/1PP4P/1N2K2R b K - 0 16|-1
r2qkb1r/n2n2p1/8/7P/2b1PN2/5P2/1PP4P/1N2K2R w K - 0 17|-1
r2qkb1r/n2n2p1/8/7P/2b1PN2/N4P2/1PP4P/4K2R b K - 1 17|-1
r3kb1r/n2n2p1/1q6/7P/2b1PN2/N4P2/1PP4P/4K2R w K - 2 18|-1
r3kb1r/n2n2p1/1q6/7P/2N1PN2/5P2/1PP4P/4K2R b K - 0 18|-1
r3kb1r/n2n2p1/4q3/7P/2N1PN2/5P2/1PP4P/4K2R w K - 1 19|-1
r3kb1r/n2n2p1/4N3/7P/2N1P3/5P2/1PP4P/4K2R b K - 0 19|-1
r3kb1r/3n2p1/2n1N3/7P/2N1P3/5P2/1PP4P/4K2R w K - 1 20|-1
r3kN1r/3n2p1/2n5/7P/2N1P3/5P2/1PP4P/4K2R b K - 0 20|-1
r4k1r/3n2p1/2n5/7P/2N1P3/5P2/1PP4P/4K2R w K - 0 21|-1
r4k1r/3n2p1/2n5/7P/4P3/4NP2/1PP4P/4K2R b K - 1 21|-1
r4k2/3n2p1/2n5/7r/4P3/4NP2/1PP4P/4K2R w K - 0 22|-1
r4k2/3n2p1/2n5/7r/4P3/4NP2/1PP4P/3K3R b - - 1 22|-1
r4k2/3n2p1/2n5/4r3/4P3/4NP2/1PP4P/3K3R w - - 2 23|-1
r4k2/3n2p1/2n5/3Nr3/4P3/5P2/1PP4P/3K3R b - - 3 23|-1
r4k2/3n2p1/2n5/3r4/4P3/5P2/1PP4P/3K3R w - - 0 24|-1
r4k2/3n2p1/2n5/3P4/8/5P2/1PP4P/3K3R b - - 0 24|-1
r4k2/6p1/2n5/3Pn3/8/5P2/1PP4P/3K3R w - - 1 25|-1
r4k2/6p1/2P5/4n3/8/5P2/1PP4P/3K3R b - - 0 25|-1
r4k2/6p1/2P5/8/8/5n2/1PP4P/3K3R w - - 0 26|-1
r4k2/6p1/2P5/8/8/5n2/1PP4P/3K1R2 b - - 1 26|-1
3r1k2/6p1/2P5/8/8/5n2/1PP4P/3K1R2 w - - 2 27|-1
3r1k2/6p1/2P5/8/8/5n2/1PP1K2P/5R2 b - - 3 27|-1
5k2/6p1/2P5/8/8/5n2/1PPrK2P/5R2 w - - 4 28|-1
5k2/6p1/2P5/8/8/5K2/1PPr3P/5R2 b - - 0 28|-1
5k2/6p1/2P5/8/8/5K2/1Pr4P/5R2 w - - 0 29|-1
5k2/6p1/2P5/8/8/5K2/1Pr4P/4R3 b - - 1 29|-1
5k2/6p1/2P5/8/8/5K2/1r5P/4R3 w - - 0 30|-1
5k2/6p1/2P5/8/8/4RK2/1r5P/8 b - - 1 30|-1
5k2/6p1/2P5/8/8/4RK2/7r/8 w - - 0 31|-1
5k2/6p1/2P5/8/6K1/4R3/7r/8 b - - 1 31|-1
5k2/6p1/2P5/8/6K1/4R3/6r1/8 w - - 2 32|-1
5k2/6p1/2P5/8/8/4R2K/6r1/8 b - - 3 32|-1
5k2/6p1/2P5/8/8/4R2K/5r2/8 w - - 4 33|-1
5k2/6p1/2P1R3/8/8/7K/5r2/8 b - - 5 33|-1
8/5kp1/2P1R3/8/8/7K/5r2/8 w - - 6 34|-1
8/5kp1/2P5/4R3/8/7K/5r2/8 b - - 7 34|-1
8/6p1/2P2k2/4R3/8/7K/5r2/8 w - - 8 35|-1
8/6p1/2P1Rk2/8/8/7K/5r2/8 b - - 9 35|-1
8/6p1/2P1k3/8/8/7K/5r2/8 w - - 0 36|-1
8/6p1/2P1k3/8/7K/8/5r2/8 b - - 1 36|-1
8/6p1/2P1k3/8/7K/8/6r1/8 w - - 2 37|-1
8/6p1/2P1k3/7K/8/8/6r1/8 b - - 3 37|-1
8/8/2P1k1p1/7K/8/8/6r1/8 w - - 0 38|-1
8/8/2P1k1pK/8/8/8/6r1/8 b - - 1 38|-1
8/8/2P1k2K/6p1/8/8/6r1/8 w - - 0 39|-1
8/8/2P1k3/6pK/8/8/6r1/8 b - - 1 39|-1
8/8/2P1k3/7K/6p1/8/6r1/8 w - - 0 40|-1
8/8/2P1k2K/8/6p1/8/6r1/8 b - - 1 40|-1
8/8/2P1k2K/8/8/6p1/6r1/8 w - - 0 41|-1
8/7K/2P1k3/8/8/6p1/6r1/8 b - - 1 41|-1
8/7K/2P1k3/8/8/6p1/5r2/8 w - - 2 42|-1
8/6K1/2P1k3/8/8/6p1/5r2/8 b - - 3 42|-1
8/6K1/2P1k3/8/8/8/5rp1/8 w - - 0 43|-1
8/8/2P1k2K/8/8/8/5rp1/8 b - - 1 43|-1
8/8/2P1k2K/8/8/8/5r2/6q1 w - - 0 44|-1
8/2P5/4k2K/8/8/8/5r2/6q1 b - - 0 44|-1
8/2Pk4/7K/8/8/8/5r2/6q1 w - - 1 45|-1
2Q5/3k4/7K/8/8/8/5r2/6q1 b - - 0 45|-1
2k5/8/7K/8/8/8/5r2/6q1 w - - 0 46|-1
2k5/7K/8/8/8/8/5r2/6q1 b - - 1 46|-1
2k5/7K/8/8/8/8/5r2/1q6 w - - 2 47|-1
2k5/6K1/8/8/8/8/5r2/1q6 b - - 3 47|-1
2k5/6K1/8/8/8/8/1q3r2/8 w - - 4 48|-1
2k5/8/7K/8/8/8/1q3r2/8 b - - 5 48|-1
2k5/8/1q5K/8/8/8/5r2/8 w - - 6 49|-1
2k5/8/1q6/7K/8/8/5r2/8 b - - 7 49|-1
2k5/8/8/7K/3q4/8/5r2/8 w - - 8 50|-1
2k5/8/7K/8/3q4/8/5r2/8 b - - 9 50|-1
2k5/8/7K/5r2/3q4/8/8/8 w - - 10 51|-1
2k5/8/6K1/5r2/3q4/8/8/8 b - - 11 51|-1
2k5/8/6K1/8/3q4/5r2/8/8 w - - 12 52|-1
2k5/8/8/7K/3q4/5r2/8/8 b - - 13 52|-1
2k5/8/8/4q2K/8/5r2/8/8 w - - 14 53|-1
2k5/8/7K/4q3/8/5r2/8/8 b - - 15 53|-1
2k5/8/7K/4q3/5r2/8/8/8 w - - 16 54|-1
2k5/8/6K1/4q3/5r2/8/8/8 b - - 17 54|-1
2k5/8/4q1K1/8/5r2/8/8/8 w - - 18 55|-1
2k5/8/4q3/6K1/5r2/8/8/8 b - - 19 55|-1
2k5/8/4q3/6K1/4r3/8/8/8 w - - 20 56|-1
2k5/8/4q3/7K/4r3/8/8/8 b - - 21 56|-1
3k4/8/4q3/7K/4r3/8/8/8 w - - 22 57|-1
3k4/8/4q3/6K1/4r3/8/8/8 b - - 23 57|-1
4k3/8/4q3/6K1/4r3/8/8/8 w - - 24 58|-1
4k3/8/4q3/7K/4r3/8/8/8 b - - 25 58|-1
8/5k2/4q3/7K/4r3/8/8/8 w - - 26 59|-1
8/5k2/4q3/6K1/4r3/8/8/8 b - - 27 59|-1
8/5k2/8/4q1K1/4r3/8/8/8 w - - 28 60|-1
8/5k2/7K/4q3/4r3/8/8/8 b - - 29 60|-1
8/8/5k1K/4q3/4r3/8/8/8 w - - 30 61|-1
8/7K/5k2/4q3/4r3/8/8/8 b - - 31 61|-1
8/7K/5k2/5q2/4r3/8/8/8 w - - 32 62|-1
7K/8/5k2/5q2/4r3/8/8/8 b - - 33 62|-1
7K/8/5k2/5q2/7r/8/8/8 w - - 34 63|-1
6K1/8/5k2/5q2/7r/8/8/8 b - - 35 63|-1
6K1/4k3/8/5q2/7r/8/8/8 w - - 36 64|-1
8/4k1K1/8/5q2/7r/8/8/8 b - - 37 64|-1
rnbqkbnr/pppppppp/8/8/8/8/PPPPPPPP/RNBQKBNR w KQkq - 0 1|-1
rnbqkbnr/pppppppp/8/8/8/2P5/PP1PPPPP/RNBQKBNR b KQkq - 0 1|-1
rnbqkbnr/ppppp1pp/8/5p2/8/2P5/PP1PPPPP/RNBQKBNR w KQkq - 0 2|-1
rnbqkbnr/ppppp1pp/8/5p2/5P2/2P5/PP1PP1PP/RNBQKBNR b KQkq - 0 2|-1
rnbqkb1r/ppppp1pp/5n2/5p2/5P2/2P5/PP1PP1PP/RNBQKBNR w KQkq - 1 3|-1
rnbqkb1r/ppppp1pp/5n2/5p2/5P1P/2P5/PP1PP1P1/RNBQKBNR b KQkq - 0 3|-1
rnbqkb1r/ppppp2p/5np1/5p2/5P1P/2P5/PP1PP1P1/RNBQKBNR w KQkq - 0 4|-1
rnbqkb1r/ppppp2p/5np1/5p2/3P1P1P/2P5/PP2P1P1/RNBQKBNR b KQkq - 0 4|-1
rnbqk2r/ppppp1bp/5np1/5p2/3P1P1P/2P5/PP2P1P1/RNBQKBNR w KQkq - 1 5|-1
rnbqk2r/ppppp1bp/5np1/5p2/1P1P1P1P/2P5/P3P1P1/RNBQKBNR b KQkq - 0 5|-1
rnbq1rk1/ppppp1bp/5np1/5p2/1P1P1P1P/2P5/P3P1P1/RNBQKBNR w KQ - 1 6|-1
rnbq1rk1/ppppp1bp/5np1/5p2/1P1P1P1P/2P2N2/P3P1P1/RNBQKB1R b KQ - 2 6|-1
r1bq1rk1/ppppp1bp/2n2np1/5p2/1P1P1P1P/2P2N2/P3P1P1/RNBQKB1R w KQ - 3 7|-1
r1bq1rk1/ppppp1bp/2n2np1/5p2/1P1P1P1P/2P2N2/P3P1PR/RNBQKB2 b Q - 4 7|-1
r1bq1rk1/ppp1p1bp/2n2np1/3p1p2/1P1P1P1P/2P2N2/P3P1PR/RNBQKB2 w Q - 0 8|-1
r1bq1rk1/ppp1p1bp/2n2np1/3p1p2/1P1P1P1P/B1P2N2/P3P1PR/RN1QKB2 b Q - 1 8|-1
r1bq1rk1/p1p1p1bp/1pn2np1/3p1p2/1P1P1P1P/B1P2N2/P3P1PR/RN1QKB2 w Q - 0 9|-1
r1bq1rk1/p1p1p1bp/1pn2np1/3p1p2/1P1P1P1P/B1P2N1R/P3P1P1/RN1QKB2 b Q - 1 9|-1
r2q1rk1/p1p1p1bp/bpn2np1/3p1p2/1P1P1P1P/B1P2N1R/P3P1P1/RN1QKB2 w Q - 2 10|-1
r2q1rk1/p1p1p1bp/bpn2np1/3p1p2/1P1P1P1P/B1P2N2/P3P1PR/RN1QKB2 b Q - 3 10|-1
r2q1rk1/p1p1p1bp/bpn3p1/3p1p2/1P1P1PnP/B1P2N2/P3P1PR/RN1QKB2 w Q - 4 11|-1
r2q1rk1/p1p1p1bp/bpn3p1/3p1p2/1P1P1PnP/B1P2N1R/P3P1P1/RN1QKB2 b Q - 5 11|-1
r2q1rk1/p1p3bp/bpn3p1/3ppp2/1P1P1PnP/B1P2N1R/P3P1P1/RN1QKB2 w Q - 0 12|-1
r2q1rk1/p1p3bp/bpn3p1/3pNp2/1P1P1PnP/B1P4R/P3P1P1/RN1QKB2 b Q - 0 12|-1
r2qr1k1/p1p3bp/bpn3p1/3pNp2/1P1P1PnP/B1P4R/P3P1P1/RN1QKB2 w Q - 1 13|-1
r2qr1k1/p1p3bp/bpN3p1/3p1p2/1P1P1PnP/B1P4R/P3P1P1/RN1QKB2 b Q - 0 13|-1
r3r1k1/p1p3bp/bpNq2p1/3p1p2/1P1P1PnP/B1P4R/P3P1P1/RN1QKB2 w Q - 1 14|-1
r3r1k1/p1p3bp/bp1q2p1/3pNp2/1P1P1PnP/B1P4R/P3P1P1/RN1QKB2 b Q - 2 14|-1
r5k1/p1p3bp/bp1q2p1/3prp2/1P1P1PnP/B1P4R/P3P1P1/RN1QKB2 w Q - 0 15|-1
r5k1/p1p3bp/bp1q2p1/3prp2/1P1P1PnP/B1P5/P3P1PR/RN1QKB2 b Q - 1 15|-1
r5k1/p1p3bp/bp1q2p1/3prp2/1P1P1P1P/B1P5/P3P1Pn/RN1QKB2 w Q - 0 16|-1
r5k1/p1p3bp/bp1q2p1/3prp2/1P1P1P1P/2P5/P3P1Pn/RNBQKB2 b Q - 1 16|-1
r5k1/p1p3bp/bp1q2p1/3p1p2/1P1P1P1P/2P1r3/P3P1Pn/RNBQKB2 w Q - 2 17|-1
r5k1/p1p3bp/bp1q2p1/3p1p2/1P1P1P1P/2P1B3/P3P1Pn/RN1QKB2 b Q - 0 17|-1
r5k1/p1p3bp/bp1q2p1/3p1p2/1P1P1P1P/2P1B3/P3P1P1/RN1QKn2 w Q - 0 18|-1
r5k1/p1p3bp/bp1q2p1/3p1p2/1P1P1P1P/2P1B3/P3P1P1/RN1Q1K2 b - - 0 18|-1
r5k1/p1p3bp/bp1q4/3p1pp1/1P1P1P1P/2P1B3/P3P1P1/RN1Q1K2 w - - 0 19|-1
r5k1/p1p3bp/bp1q4/3p1pP1/1P1P1P2/2P1B3/P3P1P1/RN1Q1K2 b - - 0 19|-1
r5k1/p1p3b1/bp1q3p/3p1pP1/1P1P1P2/2P1B3/P3P1P1/RN1Q1K2 w - - 0 20|-1
r5k1/p1p3b1/bp1q3p/3p1pP1/1P1P1P2/2P1B3/P3P1P1/RN1QK3 b - - 1 20|-1
r5k1/p1p3b1/bp1q4/3p1pp1/1P1P1P2/2P1B3/P3P1P1/RN1QK3 w - - 0 21|-1
r5k1/p1p3b1/bp1q4/3p1pp1/1P1P1P2/2P5/P3P1P1/RNBQK3 b - - 1 21|-1
r5k1/p1p3b1/bp1q4/3p1p2/1P1P1p2/2P5/P3P1P1/RNBQK3 w - - 0 22|-1
r5k1/p1p3b1/bp1q4/3p1p2/1P1P1B2/2P5/P3P1P1/RN1QK3 b - - 0 22|-1
r5k1/p1p3b1/bp6/3p1p2/1P1P1q2/2P5/P3P1P1/RN1QK3 w - - 0 23|-1
r5k1/p1p3b1/bp6/1P1p1p2/3P1q2/2P5/P3P1P1/RN1QK3 b - - 0 23|-1
r5k1/p1p3b1/bp6/1P1p1p2/3P4/2P5/P3P1Pq/RN1QK3 w - - 1 24|-1
r5k1/p1p3b1/Pp6/3p1p2/3P4/2P5/P3P1Pq/RN1QK3 b - - 0 24|-1
r5k1/p1p3b1/Pp6/3p1p2/3P4/2P5/P3P1q1/RN1QK3 w - - 0 25|-1
r5k1/p1p3b1/Pp6/3p1p2/3P4/2P5/P1Q1P1q1/RN2K3 b - - 1 25|-1
4r1k1/p1p3b1/Pp6/3p1p2/3P4/2P5/P1Q1P1q1/RN2K3 w - - 2 26|-1
4r1k1/p1p3b1/Pp6/3p1p2/3P4/2P5/P3P1q1/RN1QK3 b - - 3 26|-1
4r1k1/p1p3b1/Pp6/3p1p2/3P4/2P5/P3q3/RN1QK3 w - - 0 27|-1
4r1k1/p1p3b1/Pp6/3p1p2/3P4/2P5/P3Q3/RN2K3 b - - 0 27|-1
6k1/p1p3b1/Pp6/3p1p2/3P4/2P5/P3r3/RN2K3 w - - 0 28|-1
6k1/p1p3b1/Pp6/3p1p2/3P4/2P5/P3K3/RN6 b - - 0 28|-1
6k1/p1p5/Pp6/3p1p2/3b4/2P5/P3K3/RN6 w - - 0 29|-1
6k1/p1p5/Pp6/3p1p2/3P4/8/P3K3/RN6 b - - 0 29|-1
8/p1p3k1/Pp6/3p1p2/3P4/8/P3K3/RN6 w - - 1 30|-1
8/p1p3k1/Pp6/3p1p2/3P4/8/P7/RN2K3 b - - 2 30|-1
8/p1p5/Pp4k1/3p1p2/3P4/8/P7/RN2K3 w - - 3 31|-1
8/p1p5/Pp4k1/3p1p2/3P4/8/P4K2/RN6 b - - 4 31|-1
8/p1p5/Pp4k1/3p4/3P1p2/8/P4K2/RN6 w - - 0 32|-1
8/p1p5/Pp4k1/3p4/3P1p2/8/P7/RN2K3 b - - 1 32|-1
8/p1p5/Pp6/3p2k1/3P1p2/8/P7/RN2K3 w - - 2 33|-1
8/p1p5/Pp6/3p2k1/3P1p2/8/P4K2/RN6 b - - 3 33|-1
8/p1p5/Pp6/3p4/3P1pk1/8/P4K2/RN6 w - - 4 34|-1
8/p1p5/Pp6/3p4/3P1pk1/8/P7/RN2K3 b - - 5 34|-1
8/p1p5/Pp6/3p4/3P2k1/5p2/P7/RN2K3 w - - 0 35|-1
8/p1p5/Pp6/3p4/3P2k1/5p2/P4K2/RN6 b - - 1 35|-1
8/p1p5/P7/1p1p4/3P2k1/5p2/P4K2/RN6 w - - 0 36|-1
8/p1p5/P7/1p1p4/3P2k1/5p2/P7/RN2K3 b - - 1 36|-1
8/p1p5/P7/3p4/1p1P2k1/5p2/P7/RN2K3 w - - 0 37|-1
8/p1p5/P7/3p4/1p1P2k1/5p2/P4K2/RN6 b - - 1 37|-1
8/p7/P1p5/3p4/1p1P2k1/5p2/P4K2/RN6 w - - 0 38|-1
8/p7/P1p5/3p4/1p1P2k1/5p2/P7/RN2K3 b - - 1 38|-1
8/p7/P1p5/3p4/1p1P4/5pk1/P7/RN2K3 w - - 2 39|-1
8/p7/P1p5/3p4/1p1P4/5pk1/P7/RN3K2 b - - 3 39|-1
8/p7/P1p5/3p4/1p1P4/6k1/P4p2/RN3K2 w - - 0 40|-1
8/p7/P1p5/3p4/1p1P4/6k1/P3Kp2/RN6 b - - 1 40|-1
8/p7/P7/2pp4/1p1P4/6k1/P3Kp2/RN6 w - - 0 41|-1
8/p7/P7/2pp4/1p1P4/4K1k1/P4p2/RN6 b - - 1 41|-1
8/p7/P7/2pp4/1p1P4/4K1k1/P7/RN3q2 w - - 0 42|-1
8/p7/P7/2pp4/1p1P4/6k1/P2K4/RN3q2 b - - 1 42|-1
8/p7/q7/2pp4/1p1P4/6k1/P2K4/RN6 w - - 0 43|-1
8/p7/q7/2pp4/1p1P4/6k1/P7/RN2K3 b - - 1 43|-1
8/p7/4q3/2pp4/1p1P4/6k1/P7/RN2K3 w - - 2 44|-1
8/p7/4q3/2pp4/1p1P4/6k1/P2K4/RN6 b - - 3 44|-1
8/p7/4q3/3p4/1p1p4/6k1/P2K4/RN6 w - - 0 45|-1
8/p7/4q3/3p4/1p1p4/3K2k1/P7/RN6 b - - 1 45|-1
8/p7/8/3p4/1p1p4/3Kq1k1/P7/RN6 w - - 2 46|-1
8/p7/8/3p4/1p1p4/4q1k1/P1K5/RN6 b - - 3 46|-1
8/p7/8/3p4/1p6/3pq1k1/P1K5/RN6 w - - 0 47|-1
8/p7/8/3p4/1p6/3pq1k1/PK6/RN6 b - - 1 47|-1
8/p7/8/3p4/1p6/4q1k1/PK1p4/RN6 w - - 0 48|-1
8/p7/8/3p4/1p6/4q1k1/P1Kp4/RN6 b - - 1 48|-1
8/p7/8/3p4/1p6/6k1/P1Kp4/RN2q3 w - - 2 49|-1
8/p7/8/3p4/1p6/3K2k1/P2p4/RN2q3 b - - 3 49|-1
8/p7/8/3p4/1p6/3K2k1/P7/RN1qq3 w - - 0 50|-1
8/p7/8/3p4/1p6/3K2k1/P2N4/R2qq3 b - - 1 50|-1
rnbqkbnr/pppppppp/8/8/8/8/PPPPPPPP/RNBQKBNR w KQkq - 0 1|-1
rnbqkbnr/pppppppp/8/8/5P2/8/PPPPP1PP/RNBQKBNR b KQkq - 0 1|-1
rnbqkbnr/ppppp1pp/8/5p2/5P2/8/PPPPP1PP/RNBQKBNR w KQkq - 0 2|-1
rnbqkbnr/ppppp1pp/8/5p2/5P2/2P5/PP1PP1PP/RNBQKBNR b KQkq - 0 2|-1
rnbqkbnr/ppp1p1pp/8/3p1p2/5P2/2P5/PP1PP1PP/RNBQKBNR w KQkq - 0 3|-1
rnbqkbnr/ppp1p1pp/8/3p1p2/3P1P2/2P5/PP2P1PP/RNBQKBNR b KQkq - 0 3|-1
rnbqkbnr/ppp3pp/4p3/3p1p2/3P1P2/2P5/PP2P1PP/RNBQKBNR w KQkq - 0 4|-1
rnbqkbnr/ppp3pp/4p3/3p1p2/3P1P2/2P5/PP1NP1PP/R1BQKBNR b KQkq - 1 4|-1
rnbqkb1r/ppp3pp/4pn2/3p1p2/3P1P2/2P5/PP1NP1PP/R1BQKBNR w KQkq - 2 5|-1
rnbqkb1r/ppp3pp/4pn2/3p1p2/3P1P2/2P5/PP1NP1PP/1RBQKBNR b Kkq - 3 5|-1
rnbqkb1r/pp4pp/2p1pn2/3p1p2/3P1P2/2P5/PP1NP1PP/1RBQKBNR w Kkq - 0 6|-1
rnbqkb1r/pp4pp/2p1pn2/3p1p2/3P1P2/2P4P/PP1NP1P1/1RBQKBNR b Kkq - 0 6|-1
r1bqkb1r/pp4pp/n1p1pn2/3p1p2/3P1P2/2P4P/PP1NP1P1/1RBQKBNR w Kkq - 1 7|-1
r1bqkb1r/pp4pp/n1p1pn2/3p1p2/3P1P2/1PP4P/P2NP1P1/1RBQKBNR b Kkq - 0 7|-1
r1bqk2r/pp4pp/n1pbpn2/3p1p2/3P1P2/1PP4P/P2NP1P1/1RBQKBNR w Kkq - 1 8|-1
r1bqk2r/pp4pp/n1pbpn2/3p1p2/3P1P2/1PP2N1P/P2NP1P1/1RBQKB1R b Kkq - 2 8|-1
r1bq1rk1/pp4pp/n1pbpn2/3p1p2/3P1P2/1PP2N1P/P2NP1P1/1RBQKB1R w K - 3 9|-1
r1bq1rk1/pp4pp/n1pbpn2/3p1p2/3P1P2/1PP4P/P2NP1PN/1RBQKB1R b K - 4 9|-1
r1bq1rk1/pp5p/n1pbpnp1/3p1p2/3P1P2/1PP4P/P2NP1PN/1RBQKB1R w K - 0 10|-1
r1bq1rk1/pp5p/n1pbpnp1/3p1p2/3P1PN1/1PP4P/P2NP1P1/1RBQKB1R b K - 1 10|-1
r1bq1rk1/pp5p/n1pbp1p1/3p1p1n/3P1PN1/1PP4P/P2NP1P1/1RBQKB1R w K - 2 11|-1
r1bq1rk1/pp5p/n1pbp1p1/3p1p1n/3P1PN1/1PP4P/P1QNP1P1/1RB1KB1R b K - 3 11|-1
r1bq1rk1/pp2b2p/n1p1p1p1/3p1p1n/3P1PN1/1PP4P/P1QNP1P1/1RB1KB1R w K - 4 12|-1
r1bq1rk1/pp2b2p/n1p1p1p1/3p1Q1n/3P1PN1/1PP4P/P2NP1P1/1RB1KB1R b K - 0 12|-1
r1bq1rk1/pp2b2p/n1p1p3/3p1p1n/3P1PN1/1PP4P/P2NP1P1/1RB1KB1R w K - 0 13|-1
r1bq1rk1/pp2b2p/n1p1p3/3p1p1n/3P1PN1/1PP1P2P/P2N2P1/1RB1KB1R b K - 0 13|-1
r1bq1rk1/pp2b2p/n1p1p3/3p3n/3P1Pp1/1PP1P2P/P2N2P1/1RB1KB1R w K - 0 14|-1
r1bq1rk1/pp2b2p/n1p1p3/3p3n/3P1PP1/1PP1P3/P2N2P1/1RB1KB1R b K - 0 14|-1
r1bq1rk1/pp2b2p/n1p1p3/3p4/3P1PP1/1PP1P1n1/P2N2P1/1RB1KB1R w K - 1 15|-1
r1bq1rk1/pp2b2p/n1p1p3/3p4/3P1PP1/1PP1P1n1/PB1N2P1/1R2KB1R b K - 2 15|-1
r1bq1rk1/pp2b2p/n1p1p3/3p4/3P1PP1/1PP1P3/PB1N2P1/1R2KB1n w - - 0 16|-1
r1bq1rk1/pp2b2p/n1p1p3/3p4/3PNPP1/1PP1P3/PB4P1/1R2KB1n b - - 1 16|-1
r1bq1rk1/pp2b2p/n1p1p3/8/3PpPP1/1PP1P3/PB4P1/1R2KB1n w - - 0 17|-1
r1bq1rk1/pp2b2p/n1p1p3/8/3PpPP1/1PP1P3/PB4P1/3RKB1n b - - 1 17|-1
r1bq1rk1/pp2b2p/n1p1p3/8/3PpPP1/1PP1P1n1/PB4P1/3RKB2 w - - 2 18|-1
r1bq1rk1/pp2b2p/n1p1p3/8/3PpPP1/1PP1P1n1/PB4P1/1R2KB2 b - - 3 18|-1
r1bq1rk1/pp2b2p/n1p1p3/8/3PpPP1/1PP1P3/PB4P1/1R2Kn2 w - - 0 19|-1
r1bq1rk1/pp2b2p/n1p1p3/8/3PpPP1/1PP1P3/PB4P1/1R3K2 b - - 0 19|-1
r1bq1rk1/p3b2p/n1p1p3/1p6/3PpPP1/1PP1P3/PB4P1/1R3K2 w - - 0 20|-1
r1bq1rk1/p3b2p/n1p1p3/1p6/3PpPP1/1PP1P3/PB4P1/1R4K1 b - - 1 20|-1
r1b2rk1/p3b2p/n1p1p3/1p1q4/3PpPP1/1PP1P3/PB4P1/1R4K1 w - - 2 21|-1
r1b2rk1/p3b2p/n1p1p3/1p1q4/3PpPP1/1PP1P3/PB4P1/1R5K b - - 3 21|-1
r1b2rk1/p3b2p/n1p1p3/3q4/1p1PpPP1/1PP1P3/PB4P1/1R5K w - - 0 22|-1
r1b2rk1/p3b2p/n1p1p3/3q4/1P1PpPP1/1P2P3/PB4P1/1R5K b - - 0 22|-1
r1b2rk1/p3b2p/2p1p3/3q4/1n1PpPP1/1P2P3/PB4P1/1R5K w - - 0 23|-1
r1b2rk1/p3b2p/2p1p3/3q4/1n1PpPP1/1P2P3/PB4P1/1R4K1 b - - 1 23|-1
r1b2rk1/p3b2p/2p1p3/3q4/3PpPP1/1P2P3/nB4P1/1R4K1 w - - 0 24|-1
r1b2rk1/p3b2p/2p1p3/3q4/3PpPP1/1P2P3/nB4P1/1R5K b - - 1 24|-1
r1b2rk1/p3b2p/2p1p3/3q4/1n1PpPP1/1P2P3/1B4P1/1R5K w - - 2 25|-1
r1b2rk1/p3b2p/2p1p3/3q4/1n1PpPP1/1P2P3/1B4P1/1R4K1 b - - 3 25|-1
r4rk1/p3b2p/b1p1p3/3q4/1n1PpPP1/1P2P3/1B4P1/1R4K1 w - - 4 26|-1
r4rk1/p3b2p/b1p1p3/3q4/1n1PpPP1/1P2P3/1B4P1/1R5K b - - 5 26|-1
r4rk1/p3b2p/b1p1p3/8/1n1PpPP1/1q2P3/1B4P1/1R5K w - - 0 27|-1
r4rk1/p3b2p/b1p1p3/8/1n1PpPP1/1q2P3/1B4P1/1R4K1 b - - 1 27|-1
r4rk1/p3b2p/b1p1p3/8/1n1PpPP1/4q3/1B4P1/1R4K1 w - - 0 28|-1
r4rk1/p3b2p/b1p1p3/8/1n1PpPP1/4q3/1B4P1/1R5K b - - 1 28|-1
r4rk1/p3b2p/b1p1p3/8/1n1PpqP1/8/1B4P1/1R5K w - - 0 29|-1
r4rk1/p3b2p/b1p1p3/8/1n1PpqP1/8/1B4P1/1R4K1 b - - 1 29|-1
r4rk1/p3b2p/b1p1p3/8/1n1Pp1P1/4q3/1B4P1/1R4K1 w - - 2 30|-1
r4rk1/p3b2p/b1p1p3/8/1n1Pp1P1/4q3/1B4P1/1R5K b - - 3 30|-1
r4rk1/p3b2p/b1p1p3/8/3Pp1P1/3nq3/1B4P1/1R5K w - - 4 31|-1
r4rk1/p3b2p/b1p1p3/8/3Pp1P1/3nq3/1B4PK/1R6 b - - 5 31|-1
1r3rk1/p3b2p/b1p1p3/8/3Pp1P1/3nq3/1B4PK/1R6 w - - 6 32|-1
1r3rk1/p3b2p/b1p1p3/8/3Pp1P1/3nq3/1B4PK/7R b - - 7 32|-1
5rk1/p3b2p/b1p1p3/8/3Pp1P1/3nq3/1r4PK/7R w - - 0 33|-1
5rk1/p3b2p/b1p1p3/8/3Pp1P1/3nq3/1r4PK/1R6 b - - 1 33|-1
5rk1/p3b2p/b1p1p3/8/3Pp1P1/3nq3/6PK/1r6 w - - 0 34|-1
5rk1/p3b2p/b1p1p3/6P1/3Pp3/3nq3/6PK/1r6 b - - 0 34|-1
6k1/p3b2p/b1p1p3/6P1/3Pp3/3nq3/5rPK/1r6 w - - 1 35|-1
6k1/p3b2p/b1p1p1P1/8/3Pp3/3nq3/5rPK/1r6 b - - 0 35|-1
6k1/p3b2p/b1p1p1P1/8/3Pp3/3nq3/1r3rPK/8 w - - 1 36|-1
6k1/p3b2p/b1p1p1P1/8/3Pp3/3nq3/1r3rP1/7K b - - 2 36|-1
6k1/p3b2p/b1p1p1P1/8/3Pp3/3n3q/1r3rP1/7K w - - 3 37|-1
6k1/p3b2p/b1p1p1P1/8/3Pp3/3n3P/1r3r2/7K b - - 0 37|-1
rnbqkbnr/pppppppp/8/8/8/8/PPPPPPPP/RNBQKBNR w KQkq - 0 1|0
rnbqkbnr/pppppppp/8/8/5P2/8/PPPPP1PP/RNBQKBNR b KQkq - 0 1|0
rnbqkbnr/ppppp1pp/8/5p2/5P2/8/PPPPP1PP/RNBQKBNR w KQkq - 0 2|0
rnbqkbnr/ppppp1pp/8/5p2/5P2/2P5/PP1PP1PP/RNBQKBNR b KQkq - 0 2|0
rnbqkbnr/pppp2pp/4p3/5p2/5P2/2P5/PP1PP1PP/RNBQKBNR w KQkq - 0 3|0
rnbqkbnr/pppp2pp/4p3/5p2/3P1P2/2P5/PP2P1PP/RNBQKBNR b KQkq - 0 3|0
rnbqkbnr/ppp3pp/4p3/3p1p2/3P1P2/2P5/PP2P1PP/RNBQKBNR w KQkq - 0 4|0
rnbqkbnr/ppp3pp/4p3/3p1p2/3P1P2/2P5/PP1NP1PP/R1BQKBNR b KQkq - 1 4|0
rnbqk1nr/ppp1b1pp/4p3/3p1p2/3P1P2/2P5/PP1NP1PP/R1BQKBNR w KQkq - 2 5|0
rnbqk1nr/ppp1b1pp/4p3/3p1p2/3P1P2/2P5/PP1NP1PP/1RBQKBNR b Kkq - 3 5|0
r1bqk1nr/ppp1b1pp/2n1p3/3p1p2/3P1P2/2P5/PP1NP1PP/1RBQKBNR w Kkq - 4 6|0
r1bqk1nr/ppp1b1pp/2n1p3/3p1p2/3P1P2/2P4P/PP1NP1P1/1RBQKBNR b Kkq - 0 6|0
r1bqk1nr/ppp1b2p/2n1p1p1/3p1p2/3P1P2/2P4P/PP1NP1P1/1RBQKBNR w Kkq - 0 7|0
r1bqk1nr/ppp1b2p/2n1p1p1/3p1p2/3P1P2/1PP4P/P2NP1P1/1RBQKBNR b Kkq - 0 7|0
r1bqk2r/ppp1b2p/2n1pnp1/3p1p2/3P1P2/1PP4P/P2NP1P1/1RBQKBNR w Kkq - 1 8|0
r1bqk2r/ppp1b2p/2n1pnp1/3p1p2/3P1P2/1PP2N1P/P2NP1P1/1RBQKB1R b Kkq - 2 8|0
r1bq1rk1/ppp1b2p/2n1pnp1/3p1p2/3P1P2/1PP2N1P/P2NP1P1/1RBQKB1R w K - 3 9|0
r1bq1rk1/ppp1b2p/2n1pnp1/3p1p2/3P1P2/1PP4P/P2NP1PN/1RBQKB1R b K - 4 9|0
r1bq1rk1/ppp1b2p/4pnp1/n2p1p2/3P1P2/1PP4P/P2NP1PN/1RBQKB1R w K - 5 10|0
r1bq1rk1/ppp1b2p/4pnp1/n2p1p2/3P1PN1/1PP4P/P2NP1P1/1RBQKB1R b K - 6 10|0
r1bq1rk1/ppp1b2p/4pnp1/n2p4/3P1Pp1/1PP4P/P2NP1P1/1RBQKB1R w K - 0 11|0
r1bq1rk1/ppp1b2p/4pnp1/n2p4/3P1Pp1/1PP4P/P1QNP1P1/1RB1KB1R b K - 1 11|0
r1bq1rk1/ppp1b2p/5np1/n2pp3/3P1Pp1/1PP4P/P1QNP1P1/1RB1KB1R w K - 0 12|0
r1bq1rk1/ppp1b2p/5nQ1/n2pp3/3P1Pp1/1PP4P/P2NP1P1/1RB1KB1R b K - 0 12|0
r1bq1rk1/ppp1b3/5np1/n2pp3/3P1Pp1/1PP4P/P2NP1P1/1RB1KB1R w K - 0 13|0
r1bq1rk1/ppp1b3/5np1/n2pP3/5Pp1/1PP4P/P2NP1P1/1RB1KB1R b K - 0 13|0
r1bq1rk1/ppp1b3/6p1/n2pP2n/5Pp1/1PP4P/P2NP1P1/1RB1KB1R w K - 1 14|0
r1bq1rk1/ppp1b3/6p1/n2pP2n/5Pp1/1PP1P2P/P2N2P1/1RB1KB1R b K - 0 14|0
r1bq1rk1/ppp1b3/2n3p1/3pP2n/5Pp1/1PP1P2P/P2N2P1/1RB1KB1R w K - 1 15|0
r1bq1rk1/ppp1b3/2n3p1/3pP2n/5PP1/1PP1P3/P2N2P1/1RB1KB1R b K - 0 15|0
r2q1rk1/ppp1b3/2n3p1/3pP2n/5Pb1/1PP1P3/P2N2P1/1RB1KB1R w K - 0 16|0
r2q1rk1/ppp1b3/2n3p1/3pP2R/5Pb1/1PP1P3/P2N2P1/1RB1KB2 b - - 0 16|0
r2q1rk1/ppp1b3/2n3p1/3pP2b/5P2/1PP1P3/P2N2P1/1RB1KB2 w - - 0 17|0
r2q1rk1/ppp1b3/2n3p1/3pP2b/5P2/1PP1P3/PB1N2P1/1R2KB2 b - - 1 17|0
r2q1rk1/ppp1b3/2n5/3pP1pb/5P2/1PP1P3/PB1N2P1/1R2KB2 w - - 0 18|0
r2q1rk1/ppp1b3/2n5/3pP1pb/4NP2/1PP1P3/PB4P1/1R2KB2 b - - 1 18|0
r2q2k1/ppp1b3/2n5/3pPrpb/4NP2/1PP1P3/PB4P1/1R2KB2 w - - 2 19|0
r2q2k1/ppp1b3/2n5/3pPrNb/5P2/1PP1P3/PB4P1/1R2KB2 b - - 0 19|0
r2q2k1/ppp1b3/2n5/3pP1rb/5P2/1PP1P3/PB4P1/1R2KB2 w - - 0 20|0
r2q2k1/ppp1b3/2n5/3pP1Pb/8/1PP1P3/PB4P1/1R2KB2 b - - 0 20|0
r2q2k1/ppp1b3/8/3pn1Pb/8/1PP1P3/PB4P1/1R2KB2 w - - 0 21|0
r2q2k1/ppp1b3/6P1/3pn2b/8/1PP1P3/PB4P1/1R2KB2 b - - 0 21|0
r2q2k1/ppp1b3/6n1/3p3b/8/1PP1P3/PB4P1/1R2KB2 w - - 0 22|0
r2q2k1/ppp1b3/6n1/3p3b/8/1PP1P3/PB4P1/2R1KB2 b - - 1 22|0
r2q2k1/ppp1b3/8/3pn2b/8/1PP1P3/PB4P1/2R1KB2 w - - 2 23|0
r2q2k1/ppp1b3/8/3pn2b/8/1PP1P3/PB4P1/1R2KB2 b - - 3 23|0
r2q2k1/ppp1b3/8/4n2b/3p4/1PP1P3/PB4P1/1R2KB2 w - - 0 24|0
r2q2k1/ppp1b3/8/4n2b/3P4/1PP5/PB4P1/1R2KB2 b - - 0 24|0
r2q2k1/ppp1b3/8/7b/3P4/1PPn4/PB4P1/1R2KB2 w - - 1 25|0
r2q2k1/ppp1b3/8/7b/3P4/1PPn4/PB1K2P1/1R3B2 b - - 2 25|0
r2q2k1/ppp1b3/8/7b/3P4/1PP5/PB1K1nP1/1R3B2 w - - 3 26|0
r2q2k1/ppp1b3/8/7b/3P4/1PP1K3/PB3nP1/1R3B2 b - - 4 26|0
r2q2k1/ppp1b3/8/7b/3P2n1/1PP1K3/PB4P1/1R3B2 w - - 5 27|0
r2q2k1/ppp1b3/8/7b/3PK1n1/1PP5/PB4P1/1R3B2 b - - 6 27|0
r2q2k1/ppp1b3/5n2/7b/3PK3/1PP5/PB4P1/1R3B2 w - - 7 28|0
r2q2k1/ppp1b3/5n2/7b/3P4/1PP1K3/PB4P1/1R3B2 b - - 8 28|0
r2q2k1/pp2b3/5n2/2p4b/3P4/1PP1K3/PB4P1/1R3B2 w - - 0 29|0
r2q2k1/pp2b3/5n2/2P4b/8/1PP1K3/PB4P1/1R3B2 b - - 0 29|0
r2q2k1/pp6/5n2/2b4b/8/1PP1K3/PB4P1/1R3B2 w - - 0 30|0
r2q2k1/pp6/5n2/2b4b/5K2/1PP5/PB4P1/1R3B2 b - - 1 30|0
r2q2k1/pp6/8/2bn3b/5K2/1PP5/PB4P1/1R3B2 w - - 2 31|0
r2q2k1/pp6/8/2bn3b/4K3/1PP5/PB4P1/1R3B2 b - - 3 31|0
r2q2k1/pp3b2/8/2bn4/4K3/1PP5/PB4P1/1R3B2 w - - 4 32|0
r2q2k1/pp3b2/8/2bn4/4K3/1PP5/PB4P1/3R1B2 b - - 5 32|0
2rq2k1/pp3b2/8/2bn4/4K3/1PP5/PB4P1/3R1B2 w - - 6 33|0
2rq2k1/pp3b2/8/2bR4/4K3/1PP5/PB4P1/5B2 b - - 0 33|0
2rq2k1/pp6/8/2bb4/4K3/1PP5/PB4P1/5B2 w - - 0 34|0
2rq2k1/pp6/8/2bb4/5K2/1PP5/PB4P1/5B2 b - - 1 34|0
2r3k1/pp6/5q2/2bb4/5K2/1PP5/PB4P1/5B2 w - - 2 35|0
2r3k1/pp6/5q2/2bb4/8/1PP3K1/PB4P1/5B2 b - - 3 35|0
2r3k1/pp6/8/2bb4/8/1PP3K1/PB4P1/5q2 w - - 0 36|0
2r3k1/pp6/8/2bb4/8/1PP5/PB4PK/5q2 b - - 1 36|0
2r3k1/pp6/8/2bb4/8/1PP5/PB4PK/1q6 w - - 2 37|0
2r3k1/pp6/8/2bb4/8/1PP3K1/PB4P1/1q6 b - - 3 37|0
2r3k1/pp6/8/2bb4/8/1PP3K1/Pq4P1/8 w - - 0 38|0
2r3k1/pp6/8/2bb4/5K2/1PP5/Pq4P1/8 b - - 1 38|0
2r3k1/pp6/8/2bb4/5K2/1PP5/q5P1/8 w - - 0 39|0
2r3k1/pp6/8/2bb4/8/1PP3K1/q5P1/8 b - - 1 39|0
2r3k1/pp6/8/2bb4/8/1qP3K1/6P1/8 w - - 0 40|0
2r3k1/pp6/8/2bb4/5K2/1qP5/6P1/8 b - - 1 40|0
2r3k1/pp6/8/2bb4/5K2/2q5/6P1/8 w - - 0 41|0
2r3k1/pp6/8/2bb1K2/8/2q5/6P1/8 b - - 1 41|0
5rk1/pp6/8/2bb1K2/8/2q5/6P1/8 w - - 2 42|0
5rk1/pp6/8/2bb4/6K1/2q5/6P1/8 b - - 3 42|0
5rk1/pp6/4b3/2b5/6K1/2q5/6P1/8 w - - 4 43|0
5rk1/pp6/4b3/2b5/7K/2q5/6P1/8 b - - 5 43|0
5rk1/pp6/4b3/8/7K/2q5/5bP1/8 w - - 6 44|0
5rk1/pp6/4b3/8/7K/2q3P1/5b2/8 b - - 0 44|0
5rk1/pp6/4b3/8/7K/6q1/5b2/8 w - - 0 45|0
5rk1/pp6/4b3/7K/8/6q1/5b2/8 b - - 1 45|0
6k1/pp6/4b3/5r1K/8/6q1/5b2/8 w - - 2 46|0
6k1/pp6/4b2K/5r2/8/6q1/5b2/8 b - - 3 46|0
rnbqkbnr/pppppppp/8/8/8/8/PPPPPPPP/RNBQKBNR w KQkq - 0 1|-1
rnbqkbnr/pppppppp/8/8/5P2/8/PPPPP1PP/RNBQKBNR b KQkq - 0 1|-1
rnbqkbnr/ppppp1pp/8/5p2/5P2/8/PPPPP1PP/RNBQKBNR w KQkq - 0 2|-1
rnbqkbnr/ppppp1pp/8/5p2/5P2/2P5/PP1PP1PP/RNBQKBNR b KQkq - 0 2|-1
rnbqkbnr/ppppp2p/6p1/5p2/5P2/2P5/PP1PP1PP/RNBQKBNR w KQkq - 0 3|-1
rnbqkbnr/ppppp2p/6p1/5p2/3P1P2/2P5/PP2P1PP/RNBQKBNR b KQkq - 0 3|-1
rnbqkbnr/ppp1p2p/6p1/3p1p2/3P1P2/2P5/PP2P1PP/RNBQKBNR w KQkq - 0 4|-1
rnbqkbnr/ppp1p2p/6p1/3p1p2/3P1P2/2P5/PP1NP1PP/R1BQKBNR b KQkq - 1 4|-1
rnbqkbnr/pp2p2p/2p3p1/3p1p2/3P1P2/2P5/PP1NP1PP/R1BQKBNR w KQkq - 0 5|-1
rnbqkbnr/pp2p2p/2p3p1/3p1p2/3P1P2/2P5/PP1NP1PP/1RBQKBNR b Kkq - 1 5|-1
rnbqkbnr/pp5p/2p1p1p1/3p1p2/3P1P2/2P5/PP1NP1PP/1RBQKBNR w Kkq - 0 6|-1
rnbqkbnr/pp5p/2p1p1p1/3p1p2/3P1P2/2P4P/PP1NP1P1/1RBQKBNR b Kkq - 0 6|-1
rnbqkb1r/pp5p/2p1pnp1/3p1p2/3P1P2/2P4P/PP1NP1P1/1RBQKBNR w Kkq - 1 7|-1
rnbqkb1r/pp5p/2p1pnp1/3p1p2/3P1P2/1PP4P/P2NP1P1/1RBQKBNR b Kkq - 0 7|-1
r1bqkb1r/pp1n3p/2p1pnp1/3p1p2/3P1P2/1PP4P/P2NP1P1/1RBQKBNR w Kkq - 1 8|-1
r1bqkb1r/pp1n3p/2p1pnp1/3p1p2/3P1P2/1PP2N1P/P2NP1P1/1RBQKB1R b Kkq - 2 8|-1
r1bqkb1r/p2n3p/2p1pnp1/1p1p1p2/3P1P2/1PP2N1P/P2NP1P1/1RBQKB1R w Kkq - 0 9|-1
r1bqkb1r/p2n3p/2p1pnp1/1p1p1p2/3P1P2/1PP4P/P2NP1PN/1RBQKB1R b Kkq - 1 9|-1
r2qkb1r/pb1n3p/2p1pnp1/1p1p1p2/3P1P2/1PP4P/P2NP1PN/1RBQKB1R w Kkq - 2 10|-1
r2qkb1r/pb1n3p/2p1pnp1/1p1p1p2/3P1PN1/1PP4P/P2NP1P1/1RBQKB1R b Kkq - 3 10|-1
r2qkb1r/pb1n3p/2p1pnp1/1p1p4/3P1Pp1/1PP4P/P2NP1P1/1RBQKB1R w Kkq - 0 11|-1
r2qkb1r/pb1n3p/2p1pnp1/1p1p4/3P1Pp1/1PP4P/P1QNP1P1/1RB1KB1R b Kkq - 1 11|-1
r2qk2r/pb1n3p/2pbpnp1/1p1p4/3P1Pp1/1PP4P/P1QNP1P1/1RB1KB1R w Kkq - 2 12|-1
r2qk2r/pb1n3p/2pbpnQ1/1p1p4/3P1Pp1/1PP4P/P2NP1P1/1RB1KB1R b Kkq - 0 12|-1
r2q1k1r/pb1n3p/2pbpnQ1/1p1p4/3P1Pp1/1PP4P/P2NP1P1/1RB1KB1R w K - 1 13|-1
r2q1k1r/pb1n3p/2pbpQ2/1p1p4/3P1Pp1/1PP4P/P2NP1P1/1RB1KB1R b K - 0 13|-1
r2qk2r/pb1n3p/2pbpQ2/1p1p4/3P1Pp1/1PP4P/P2NP1P1/1RB1KB1R w K - 1 14|-1
r2qk2Q/pb1n3p/2pbp3/1p1p4/3P1Pp1/1PP4P/P2NP1P1/1RB1KB1R b K - 0 14|-1
r2q3Q/pb1nk2p/2pbp3/1p1p4/3P1Pp1/1PP4P/P2NP1P1/1RB1KB1R w K - 1 15|-1
r2Q4/pb1nk2p/2pbp3/1p1p4/3P1Pp1/1PP4P/P2NP1P1/1RB1KB1R b K - 0 15|-1
3r4/pb1nk2p/2pbp3/1p1p4/3P1Pp1/1PP4P/P2NP1P1/1RB1KB1R w K - 0 16|-1
3r4/pb1nk2p/2pbp3/1p1p4/3P1Pp1/1PP1P2P/P2N2P1/1RB1KB1R b K - 0 16|-1
3r4/pb1nk2p/2pbp3/1p1p4/3P1P2/1PP1P2p/P2N2P1/1RB1KB1R w K - 0 17|-1
3r4/pb1nk2p/2pbp3/1p1p4/3P1P2/1PP1P2P/P2N4/1RB1KB1R b K - 0 17|-1
3r4/pb1nk2p/2pb4/1p1pp3/3P1P2/1PP1P2P/P2N4/1RB1KB1R w K - 0 18|-1
3r4/pb1nk2p/2pb4/1p1pP3/5P2/1PP1P2P/P2N4/1RB1KB1R b K - 0 18|-1
3r4/pb1nk2p/2p5/1pbpP3/5P2/1PP1P2P/P2N4/1RB1KB1R w K - 1 19|-1
3r4/pb1nk2p/2p5/1pbpP3/5P2/1PP1P2P/PB1N4/1R2KB1R b K - 2 19|-1
3r4/pb1nk2p/2p5/1p1pP3/5P2/1PP1b2P/PB1N4/1R2KB1R w K - 0 20|-1
3r4/pb1nk2p/2p5/1p1pP3/4NP2/1PP1b2P/PB6/1R2KB1R b K - 1 20|-1
3r4/pb1nk2p/2p5/1p2P3/4pP2/1PP1b2P/PB6/1R2KB1R w K - 0 21|-1
3r4/pb1nk2p/2p1P3/1p6/4pP2/1PP1b2P/PB6/1R2KB1R b K - 0 21|-1
3r4/pb1n3p/2p1k3/1p6/4pP2/1PP1b2P/PB6/1R2KB1R w K - 0 22|-1
3r4/pb1n3p/2p1k3/1p6/4pP2/1PP1b2P/PB6/2R1KB1R b K - 1 22|-1
3r4/pb1n3p/2p1k3/1p6/4pb2/1PP4P/PB6/2R1KB1R w K - 0 23|-1
3r4/pb1n3p/2p1k3/1p6/4pb2/1PP4P/PB6/1R2KB1R b K - 1 23|-1
3r4/pb5p/2p1k3/1pn5/4pb2/1PP4P/PB6/1R2KB1R w K - 2 24|-1
3r4/pb5p/2p1k3/1pn5/4pb2/1PP4P/PB6/2R1KB1R b K - 3 24|-1
3r4/pb5p/2p1k3/1p6/4pb2/1PPn3P/PB6/2R1KB1R w K - 4 25|-1
3r4/pb5p/2p1k3/1p6/4pb2/1PPn3P/PB2K3/2R2B1R b - - 5 25|-1
3r4/pb5p/2p1k3/1p6/4pb2/1PP4P/Pn2K3/2R2B1R w - - 0 26|-1
3r4/pb5p/2p1k3/1p6/4pb2/1PP4P/Pn6/2R1KB1R b - - 1 26|-1
3r4/pb5p/2p1k3/1p6/4p3/1PP4P/Pn6/2b1KB1R w - - 0 27|-1
3r4/pb5p/2p1k3/1p6/2P1p3/1P5P/Pn6/2b1KB1R b - - 0 27|-1
3r4/pb5p/2p1k3/8/2p1p3/1P5P/Pn6/2b1KB1R w - - 0 28|-1
3r4/pb5p/2p1k3/8/2P1p3/7P/Pn6/2b1KB1R b - - 0 28|-1
3r4/pb5p/2p1k3/8/2n1p3/7P/P7/2b1KB1R w - - 0 29|-1
3r4/pb5p/2p1k3/8/2n1p3/7P/P7/2b1KBR1 b - - 1 29|-1
3r4/pb5p/2p1k3/8/4p3/7P/Pn6/2b1KBR1 w - - 2 30|-1
3r4/pb5p/2p1k3/8/4p3/7P/Pn6/2b1KB1R b - - 3 30|-1
8/pb5p/2p1k3/8/4p3/7P/Pn6/2brKB1R w - - 4 31|-1
8/pb5p/2p1k3/8/4p3/7P/Pn3K2/2br1B1R b - - 5 31|-1
8/pb5p/2p1k3/8/8/4p2P/Pn3K2/2br1B1R w - - 0 32|-1
8/pb5p/2p1k3/8/8/4p2P/Pn4K1/2br1B1R b - - 1 32|-1
8/pb5p/2p1k3/8/8/4p2P/Pn1r2K1/2b2B1R w - - 2 33|-1
8/pb5p/2p1k3/8/8/4p1KP/Pn1r4/2b2B1R b - - 3 33|-1
8/pb2k2p/2p5/8/8/4p1KP/Pn1r4/2b2B1R w - - 4 34|-1
8/pb2k2p/2p5/8/5K2/4p2P/Pn1r4/2b2B1R b - - 5 34|-1
8/pb2k2p/2p5/8/5K2/7P/Pn1rp3/2b2B1R w - - 0 35|-1
8/pb2k2p/2p5/8/4K3/7P/Pn1rp3/2b2B1R b - - 1 35|-1
8/pb2k2p/2p5/8/2n1K3/7P/P2rp3/2b2B1R w - - 2 36|-1
8/pb2k2p/2p5/8/2n1K3/7P/P2rp3/2b2BR1 b - - 3 36|-1
8/pb2k2p/2p5/8/2n1K3/7P/r3p3/2b2BR1 w - - 0 37|-1
8/pb2k2p/2p5/8/2n1K3/7P/r3p3/2b2B1R b - - 1 37|-1
8/pb2k2p/2pn4/8/4K3/7P/r3p3/2b2B1R w - - 2 38|-1
8/pb2k2p/2pn4/4K3/8/7P/r3p3/2b2B1R b - - 3 38|-1
8/pb2k2p/2p5/4K3/2n5/7P/r3p3/2b2B1R w - - 4 39|-1
8/pb2k2p/2p5/8/2n1K3/7P/r3p3/2b2B1R b - - 5 39|-1
8/pb2k2p/2p5/8/2n1K3/7P/3rp3/2b2B1R w - - 6 40|-1
8/pb2k2p/2p5/8/2n1K3/7P/3rp3/2b2BR1 b - - 7 40|-1
8/pb2k2p/2p5/8/2n1K3/7P/4p3/2br1BR1 w - - 8 41|-1
8/pb2k2p/2p5/8/2n1K3/7P/4p3/2br1B1R b - - 9 41|-1
8/pb2k2p/2p5/8/2n1K3/4b2P/4p3/3r1B1R w - - 10 42|-1
8/pb2k2p/2p5/8/2n1K3/4b2P/4p3/3r1BR1 b - - 11 42|-1
8/pb2k2p/2p5/8/2n1K3/4b2P/4p3/5rR1 w - - 0 43|-1
8/pb2k2p/2p5/8/2n1K3/4b2P/4p3/5R2 b - - 0 43|-1
8/pb2k2p/2p5/8/2n1K3/4b2P/8/5q2 w - - 0 44|-1
8/pb2k2p/2p5/8/2n1K2P/4b3/8/5q2 b - - 0 44|-1
rnbqkbnr/pppppppp/8/8/8/8/PPPPPPPP/RNBQKBNR w KQkq - 0 1|1
rnbqkbnr/pppppppp/8/8/4P3/8/PPPP1PPP/RNBQKBNR b KQkq - 0 1|1
rnbqkbnr/pp1ppppp/2p5/8/4P3/8/PPPP1PPP/RNBQKBNR w KQkq - 0 2|1
rnbqkbnr/pp1ppppp/2p5/8/4P3/2N5/PPPP1PPP/R1BQKBNR b KQkq - 1 2|1
rnbqkbnr/p2ppppp/1pp5/8/4P3/2N5/PPPP1PPP/R1BQKBNR w KQkq - 0 3|1
rnbqkbnr/p2ppppp/1pp5/8/3PP3/2N5/PPP2PPP/R1BQKBNR b KQkq - 0 3|1
r1bqkbnr/p2ppppp/npp5/8/3PP3/2N5/PPP2PPP/R1BQKBNR w KQkq - 1 4|1
r1bqkbnr/p2ppppp/npp5/8/3PPP2/2N5/PPP3PP/R1BQKBNR b KQkq - 0 4|1
r1bqkbnr/p3pppp/npp5/3p4/3PPP2/2N5/PPP3PP/R1BQKBNR w KQkq - 0 5|1
r1bqkbnr/p3pppp/npp5/3P4/3P1P2/2N5/PPP3PP/R1BQKBNR b KQkq - 0 5|1
r1bqkbnr/p3p1pp/npp5/3P1p2/3P1P2/2N5/PPP3PP/R1BQKBNR w KQkq - 0 6|1
r1bqkbnr/p3p1pp/npp5/3P1p2/3P1P2/2N2N2/PPP3PP/R1BQKB1R b KQkq - 1 6|1
r1bq1bnr/p3pkpp/npp5/3P1p2/3P1P2/2N2N2/PPP3PP/R1BQKB1R w KQ - 2 7|1
r1bq1bnr/p3pkpp/npp5/3P1p2/3P1P2/2N2N2/PPP1Q1PP/R1B1KB1R b KQ - 3 7|1
r1bq1b1r/p3pkpp/npp2n2/3P1p2/3P1P2/2N2N2/PPP1Q1PP/R1B1KB1R w KQ - 4 8|1
r1bq1b1r/p3pkpp/npp2n2/3P1p2/3P1PP1/2N2N2/PPP1Q2P/R1B1KB1R b KQ - 0 8|1
r1b2b1r/p3pkpp/nppq1n2/3P1p2/3P1PP1/2N2N2/PPP1Q2P/R1B1KB1R w KQ - 1 9|1
r1b2b1r/p3pkpp/nppq1n2/3P1P2/3P1P2/2N2N2/PPP1Q2P/R1B1KB1R b KQ - 0 9|1
r1b2b1r/p3pkpp/npp1qn2/3P1P2/3P1P2/2N2N2/PPP1Q2P/R1B1KB1R w KQ - 1 10|1
r1b2b1r/p3pkpp/npp1Pn2/3P4/3P1P2/2N2N2/PPP1Q2P/R1B1KB1R b KQ - 0 10|1
r4b1r/p3pkpp/npp1bn2/3P4/3P1P2/2N2N2/PPP1Q2P/R1B1KB1R w KQ - 0 11|1
r4b1r/p3pkpp/Qpp1bn2/3P4/3P1P2/2N2N2/PPP4P/R1B1KB1R b KQ - 0 11|1
r4b1r/p2bpkpp/Qpp2n2/3P4/3P1P2/2N2N2/PPP4P/R1B1KB1R w KQ - 1 12|1
r4b1r/pQ1bpkpp/1pp2n2/3P4/3P1P2/2N2N2/PPP4P/R1B1KB1R b KQ - 2 12|1
r4b1r/pQ1bpk1p/1pp2np1/3P4/3P1P2/2N2N2/PPP4P/R1B1KB1R w KQ - 0 13|1
r4b1r/p2Qpk1p/1pp2np1/3P4/3P1P2/2N2N2/PPP4P/R1B1KB1R b KQ - 0 13|1
r4b1r/p2npk1p/1pp3p1/3P4/3P1P2/2N2N2/PPP4P/R1B1KB1R w KQ - 0 14|1
r4b1r/p2npk1p/1pP3p1/8/3P1P2/2N2N2/PPP4P/R1B1KB1R b KQ - 0 14|1
r6r/p2npkbp/1pP3p1/8/3P1P2/2N2N2/PPP4P/R1B1KB1R w KQ - 1 15|1
r6r/p2Ppkbp/1p4p1/8/3P1P2/2N2N2/PPP4P/R1B1KB1R b KQ - 0 15|1
r6r/p2Pp1bp/1p2k1p1/8/3P1P2/2N2N2/PPP4P/R1B1KB1R w KQ - 1 16|1
r6r/p2Pp1bp/1p2k1p1/5P2/3P4/2N2N2/PPP4P/R1B1KB1R b KQ - 0 16|1
r6r/p2Pp1bp/1p2k3/5p2/3P4/2N2N2/PPP4P/R1B1KB1R w KQ - 0 17|1
r6r/p2Pp1bp/1p2k3/5pN1/3P4/2N5/PPP4P/R1B1KB1R b KQ - 1 17|1
r6r/p2Pp1bp/1p3k2/5pN1/3P4/2N5/PPP4P/R1B1KB1R w KQ - 2 18|1
r6r/p2Pp1bp/1p3k2/3N1pN1/3P4/8/PPP4P/R1B1KB1R b KQ - 3 18|1
r6r/p2Pp1bp/1p4k1/3N1pN1/3P4/8/PPP4P/R1B1KB1R w KQ - 4 19|1
r6r/p2Pp1bp/1p4k1/3N1pN1/3P3P/8/PPP5/R1B1KB1R b KQ - 0 19|1
r6r/p2Pp1bp/1p6/3N1pNk/3P3P/8/PPP5/R1B1KB1R w KQ - 1 20|1
r6r/p2Pp1bp/1p6/3N1pNk/3P3P/8/PPP1B3/R1B1K2R b KQ - 2 20|1
r6r/p2Pp1bp/1p4k1/3N1pN1/3P3P/8/PPP1B3/R1B1K2R w KQ - 3 21|1
r6r/p2Pp1bp/1p4k1/3N1pN1/3P3P/8/PPP1B3/R1B1KR2 b Q - 4 21|1
5r1r/p2Pp1bp/1p4k1/3N1pN1/3P3P/8/PPP1B3/R1B1KR2 w Q - 5 22|1
5r1r/p2Pp1bp/1p4k1/3N1pN1/3P3P/3B4/PPP5/R1B1KR2 b Q - 6 22|1
5r1r/p2Pp1bp/1p6/3N1pNk/3P3P/3B4/PPP5/R1B1KR2 w Q - 7 23|1
5r1r/p2Pp1bp/1p6/3N1RNk/3P3P/3B4/PPP5/R1B1K3 b Q - 0 23|1
5r1r/p2Pp1bp/1p6/3N1RN1/3P2kP/3B4/PPP5/R1B1K3 w Q - 1 24|1
5r1r/p2Pp1bp/1p6/3N1RN1/3P2kP/8/PPP1B3/R1B1K3 b Q - 2 24|1
5r1r/p2Pp1bp/1p6/3N1RN1/3P3P/6k1/PPP1B3/R1B1K3 w Q - 3 25|1
5r1r/p2Pp1bp/1p6/3N1RN1/3P3P/3B2k1/PPP5/R1B1K3 b Q - 4 25|1
5r1r/p2P2bp/1p2p3/3N1RN1/3P3P/3B2k1/PPP5/R1B1K3 w Q - 0 26|1
5r1r/p2P2bN/1p2p3/3N1R2/3P3P/3B2k1/PPP5/R1B1K3 b Q - 0 26|1
5r1r/p2P2bN/1p6/3N1p2/3P3P/3B2k1/PPP5/R1B1K3 w Q - 0 27|1
5N1r/p2P2b1/1p6/3N1p2/3P3P/3B2k1/PPP5/R1B1K3 b Q - 0 27|1
5r2/p2P2b1/1p6/3N1p2/3P3P/3B2k1/PPP5/R1B1K3 w Q - 0 28|1
5r2/p2P2b1/1p6/5p2/3P3P/3BN1k1/PPP5/R1B1K3 b Q - 1 28|1
7r/p2P2b1/1p6/5p2/3P3P/3BN1k1/PPP5/R1B1K3 w Q - 2 29|1
7r/p2P2b1/1p6/5B2/3P3P/4N1k1/PPP5/R1B1K3 b Q - 0 29|1
5r2/p2P2b1/1p6/5B2/3P3P/4N1k1/PPP5/R1B1K3 w Q - 1 30|1
5r2/p2P2b1/1p6/5B2/2PP3P/4N1k1/PP6/R1B1K3 b Q - 0 30|1
7r/p2P2b1/1p6/5B2/2PP3P/4N1k1/PP6/R1B1K3 w Q - 1 31|1
7r/p2P2b1/1p6/5B2/2PP3P/4N1k1/PP1B4/R3K3 b Q - 2 31|1
5r2/p2P2b1/1p6/5B2/2PP3P/4N1k1/PP1B4/R3K3 w Q - 3 32|1
5r2/p2P2b1/1p6/5B2/2PP3P/4N1k1/PP1B4/2KR4 b - - 4 32|1
7r/p2P2b1/1p6/5B2/2PP3P/4N1k1/PP1B4/2KR4 w - - 5 33|1
7r/p2P2b1/1p6/5B2/2PP3P/4N1k1/PP1B4/2K3R1 b - - 6 33|1
7r/p2P2b1/1p6/5B2/2PP3P/4N3/PP1B3k/2K3R1 w - - 7 34|1
7r/p2P2R1/1p6/5B2/2PP3P/4N3/PP1B3k/2K5 b - - 0 34|1
7r/p2P2R1/1p6/5B2/2PP3P/4N3/PP1B4/2K4k w - - 1 35|1
7r/p2P2R1/1p6/3N1B2/2PP3P/8/PP1B4/2K4k b - - 2 35|1
7r/p2P2R1/1p6/3N1B2/2PP3P/8/PP1B3k/2K5 w - - 3 36|1
7r/p2P2R1/1p6/3N1B2/2PP1B1P/8/PP5k/2K5 b - - 4 36|1
7r/p2P2R1/1p6/3N1B2/2PP1B1P/8/PP6/2K4k w - - 5 37|1
7r/p2P2R1/1p6/2PN1B2/3P1B1P/8/PP6/2K4k b - - 0 37|1
5r2/p2P2R1/1p6/2PN1B2/3P1B1P/8/PP6/2K4k w - - 1 38|1
5r2/p2P2R1/1p3N2/2P2B2/3P1B1P/8/PP6/2K4k b - - 2 38|1
7r/p2P2R1/1p3N2/2P2B2/3P1B1P/8/PP6/2K4k w - - 3 39|1
7r/p2P2RB/1p3N2/2P5/3P1B1P/8/PP6/2K4k b - - 4 39|1
5r2/p2P2RB/1p3N2/2P5/3P1B1P/8/PP6/2K4k w - - 5 40|1
5rR1/p2P3B/1p3N2/2P5/3P1B1P/8/PP6/2K4k b - - 6 40|1
6R1/p2P3B/1p3r2/2P5/3P1B1P/8/PP6/2K4k w - - 0 41|1
3Q2R1/p6B/1p3r2/2P5/3P1B1P/8/PP6/2K4k b - - 0 41|1
3Q2R1/p6B/1p6/2P5/3P1r1P/8/PP6/2K4k w - - 0 42|1
3Q2R1/p6B/1p6/2PP4/5r1P/8/PP6/2K4k b - - 0 42|1
3Q2R1/p6B/1p6/2PP4/4r2P/8/PP6/2K4k w - - 1 43|1
3Q2R1/p6B/1p1P4/2P5/4r2P/8/PP6/2K4k b - - 0 43|1
3Q2R1/p6B/1p1P4/2P5/4r2P/8/PP5k/2K5 w - - 1 44|1
3Q2R1/p2P3B/1p6/2P5/4r2P/8/PP5k/2K5 b - - 0 44|1
3Q2R1/p2P3B/1p6/2P5/4r2P/8/PP6/2K4k w - - 1 45|1
4Q1R1/p2P3B/1p6/2P5/4r2P/8/PP6/2K4k b - - 2 45|1
4Q1R1/p2P3B/1p6/2P5/4r2P/8/PP5k/2K5 w - - 3 46|1
3QQ1R1/p6B/1p6/2P5/4r2P/8/PP5k/2K5 b - - 0 46|1
3QQ1R1/p6B/1p6/2P5/4r2P/7k/PP6/2K5 w - - 1 47|1
3QQ1R1/p6B/1pP5/8/4r2P/7k/PP6/2K5 b - - 0 47|1
3QQ1R1/p6B/1pP5/8/4r2P/8/PP5k/2K5 w - - 1 48|1
3QQ1R1/p1P4B/1p6/8/4r2P/8/PP5k/2K5 b - - 0 48|1
3QQ1R1/p1P4B/1p6/8/4r2P/8/PP6/2K4k w - - 1 49|1
2QQQ1R1/p6B/1p6/8/4r2P/8/PP6/2K4k b - - 0 49|1
2QQQ1R1/p6B/1p6/8/4r2P/8/PP5k/2K5 w - - 1 50|1
2QQQ3/p6B/1p6/8/4r1RP/8/PP5k/2K5 b - - 2 50|1
2QQQ3/p6B/1p6/8/4r1RP/7k/PP6/2K5 w - - 3 51|1
2QQ4/p6B/1p6/8/4Q1RP/7k/PP6/2K5 b - - 0 51|1
2QQ4/p6B/1p6/8/4Q1RP/8/PP5k/2K5 w - - 1 52|1
2QQ4/p6B/1p6/8/6RP/4Q3/PP5k/2K5 b - - 2 52|1
2QQ4/p6B/1p6/8/6RP/4Q3/PP6/2K4k w - - 3 53|1
2Q5/p6B/1p6/8/6RP/4Q3/PP1Q4/2K4k b - - 4 53|1
2Q5/p6B/8/1p6/6RP/4Q3/PP1Q4/2K4k w - - 0 54|1
2Q5/p6B/8/1p6/6RP/4Q3/PP1Q4/1K5k b - - 1 54|1
2Q5/p6B/8/8/1p4RP/4Q3/PP1Q4/1K5k w - - 0 55|1
rnbqkbnr/pppppppp/8/8/8/8/PPPPPPPP/RNBQKBNR w KQkq - 0 1|-1
rnbqkbnr/pppppppp/8/8/3P4/8/PPP1PPPP/RNBQKBNR b KQkq - 0 1|-1
rnbqkb1r/pppppppp/5n2/8/3P4/8/PPP1PPPP/RNBQKBNR w KQkq - 1 2|-1
rnbqkb1r/pppppppp/5n2/8/3P4/8/PPPNPPPP/R1BQKBNR b KQkq - 2 2|-1
rnbqkb1r/ppp1pppp/5n2/3p4/3P4/8/PPPNPPPP/R1BQKBNR w KQkq - 0 3|-1
rnbqkb1r/ppp1pppp/5n2/3p4/3P4/2P5/PP1NPPPP/R1BQKBNR b KQkq - 0 3|-1
rnbqkb1r/ppp2ppp/4pn2/3p4/3P4/2P5/PP1NPPPP/R1BQKBNR w KQkq - 0 4|-1
rnbqkb1r/ppp2ppp/4pn2/3p4/3P4/2P4N/PP1NPPPP/R1BQKB1R b KQkq - 1 4|-1
rnbqkb1r/pp3ppp/4pn2/2pp4/3P4/2P4N/PP1NPPPP/R1BQKB1R w KQkq - 0 5|-1
rnbqkb1r/pp3ppp/4pn2/2pp4/3P4/2P4N/PP1NPPPP/1RBQKB1R b Kkq - 1 5|-1
r1bqkb1r/pp3ppp/2n1pn2/2pp4/3P4/2P4N/PP1NPPPP/1RBQKB1R w Kkq - 2 6|-1
r1bqkb1r/pp3ppp/2n1pn2/2pp4/3P1P2/2P4N/PP1NP1PP/1RBQKB1R b Kkq - 0 6|-1
r1bqk2r/pp3ppp/2nbpn2/2pp4/3P1P2/2P4N/PP1NP1PP/1RBQKB1R w Kkq - 1 7|-1
r1bqk2r/pp3ppp/2nbpn2/2pp4/3P1P2/1PP4N/P2NP1PP/1RBQKB1R b Kkq - 0 7|-1
r1bq1rk1/pp3ppp/2nbpn2/2pp4/3P1P2/1PP4N/P2NP1PP/1RBQKB1R w K - 1 8|-1
r1bq1rk1/pp3ppp/2nbpn2/2Pp4/5P2/1PP4N/P2NP1PP/1RBQKB1R b K - 0 8|-1
r1bq1rk1/pp3ppp/2n1pn2/2bp4/5P2/1PP4N/P2NP1PP/1RBQKB1R w K - 0 9|-1
r1bq1rk1/pp3ppp/2n1pn2/2bp4/5P2/1PP4N/PR1NP1PP/2BQKB1R b K - 1 9|-1
r1b2rk1/pp2qppp/2n1pn2/2bp4/5P2/1PP4N/PR1NP1PP/2BQKB1R w K - 2 10|-1
r1b2rk1/pp2qppp/2n1pn2/2bp4/5P2/1PP4N/PR1NP1PP/2BQKBR1 b - - 3 10|-1
r1b2rk1/pp2qppp/2n1pn2/2b5/3p1P2/1PP4N/PR1NP1PP/2BQKBR1 w - - 0 11|-1
r1b2rk1/pp2qppp/2n1pn2/2b5/3p1P2/1PP4N/PR1NPKPP/2BQ1BR1 b - - 1 11|-1
r1b2rk1/pp2qppp/2n1pn2/2b5/5P2/1Pp4N/PR1NPKPP/2BQ1BR1 w - - 0 12|-1
r1b2rk1/pp2qppp/2n1pn2/2b5/5P2/1Pp3KN/PR1NP1PP/2BQ1BR1 b - - 1 12|-1
r1b2rk1/pp2qppp/2n1pn2/2b5/5P2/1P4KN/Pp1NP1PP/2BQ1BR1 w - - 0 13|-1
r1b2rk1/pp2qppp/2n1pn2/2b2P2/8/1P4KN/Pp1NP1PP/2BQ1BR1 b - - 0 13|-1
r1b2rk1/pp2qppp/2n1pn2/2b2P2/8/1P4KN/P2NP1PP/2qQ1BR1 w - - 0 14|-1
r1b2rk1/pp2qppp/2n1Pn2/2b5/8/1P4KN/P2NP1PP/2qQ1BR1 b - - 0 14|-1
r1b2rk1/pp2q1pp/2n1pn2/2b5/8/1P4KN/P2NP1PP/2qQ1BR1 w - - 0 15|-1
r1b2rk1/pp2q1pp/2n1pn2/2b5/8/1P4KN/P2NP1PP/2Q2BR1 b - - 0 15|-1
r1b2rk1/pp2q1pp/2n1pn2/8/8/1P4KN/P2NP1PP/2Q2Bb1 w - - 0 16|-1
r1b2rk1/pp2q1pp/2n1pn2/8/8/1P4KN/P2NP1PP/3Q1Bb1 b - - 1 16|-1
r1b2rk1/pp4pp/2nqpn2/8/8/1P4KN/P2NP1PP/3Q1Bb1 w - - 2 17|-1
r1b2rk1/pp4pp/2nqpn2/8/7K/1P5N/P2NP1PP/3Q1Bb1 b - - 3 17|-1
r1b2rk1/pp5p/2nqpn2/6p1/7K/1P5N/P2NP1PP/3Q1Bb1 w - - 0 18|-1
r1b2rk1/pp5p/2nqpn2/6N1/7K/1P6/P2NP1PP/3Q1Bb1 b - - 0 18|-1
r1b2rk1/pp6/2nqpn1p/6N1/7K/1P6/P2NP1PP/3Q1Bb1 w - - 0 19|-1
r1b2rk1/pp6/2nqpn1p/6N1/7K/1P5P/P2NP1P1/3Q1Bb1 b - - 0 19|-1
r1b2rk1/pp6/2nqpn2/6p1/7K/1P5P/P2NP1P1/3Q1Bb1 w - - 0 20|-1
r1b2rk1/pp6/2nqpn2/6K1/8/1P5P/P2NP1P1/3Q1Bb1 b - - 0 20|-1
r1b2rk1/p7/2nqpn2/1p4K1/8/1P5P/P2NP1P1/3Q1Bb1 w - - 0 21|-1
r1b2rk1/p7/2nqpn2/1p6/7K/1P5P/P2NP1P1/3Q1Bb1 b - - 1 21|-1
r1b2rk1/p7/2nqpn2/8/1p5K/1P5P/P2NP1P1/3Q1Bb1 w - - 0 22|-1
r1b2rk1/p7/2nqpn2/8/1p5K/1P3N1P/P3P1P1/3Q1Bb1 b - - 1 22|-1
r1b2rk1/p7/2nqpn2/8/1p5K/1P2bN1P/P3P1P1/3Q1B2 w - - 2 23|-1
r1b2rk1/p7/2nQpn2/8/1p5K/1P2bN1P/P3P1P1/5B2 b - - 0 23|-1
r1b1nrk1/p7/2nQp3/8/1p5K/1P2bN1P/P3P1P1/5B2 w - - 1 24|-1
r1b1nQk1/p7/2n1p3/8/1p5K/1P2bN1P/P3P1P1/5B2 b - - 0 24|-1
r1b1nk2/p7/2n1p3/8/1p5K/1P2bN1P/P3P1P1/5B2 w - - 0 25|-1
r1b1nk2/p7/2n1p3/8/1p5K/1P2b2P/P3P1PN/5B2 b - - 1 25|-1
r1b1nk2/p7/4p3/8/1p1n3K/1P2b2P/P3P1PN/5B2 w - - 2 26|-1
r1b1nk2/p7/4p3/8/1p1n4/1P2b1KP/P3P1PN/5B2 b - - 3 26|-1
r3nk2/pb6/4p3/8/1p1n4/1P2b1KP/P3P1PN/5B2 w - - 4 27|-1
r3nk2/pb6/4p3/8/1p1n3K/1P2b2P/P3P1PN/5B2 b - - 5 27|-1
r3nk2/1b6/4p3/p7/1p1n3K/1P2b2P/P3P1PN/5B2 w - - 0 28|-1
r3nk2/1b6/4p3/p7/1p1n4/1P2b1KP/P3P1PN/5B2 b - - 1 28|-1
r3nk2/1b6/4p3/8/pp1n4/1P2b1KP/P3P1PN/5B2 w - - 0 29|-1
r3nk2/1b6/4p3/8/Pp1n4/4b1KP/P3P1PN/5B2 b - - 0 29|-1
r3nk2/8/4p3/3b4/Pp1n4/4b1KP/P3P1PN/5B2 w - - 1 30|-1
r3nk2/8/4p3/3b4/Pp1n3K/4b2P/P3P1PN/5B2 b - - 2 30|-1
r3nk2/8/4p3/8/Pp1n3K/4b2P/b3P1PN/5B2 w - - 0 31|-1
r3nk2/8/4p3/8/Pp1n4/4b1KP/b3P1PN/5B2 b - - 1 31|-1
r3nk2/8/4p3/8/P2n4/1p2b1KP/b3P1PN/5B2 w - - 0 32|-1
r3nk2/8/4p3/8/P2n3K/1p2b2P/b3P1PN/5B2 b - - 1 32|-1
r3nk2/8/4p3/8/P2n3K/4b2P/bp2P1PN/5B2 w - - 0 33|-1
r3nk2/8/4p3/8/P2n4/4b1KP/bp2P1PN/5B2 b - - 1 33|-1
r3nk2/8/4p3/8/P2n4/4b1KP/b3P1PN/1q3B2 w - - 0 34|-1
r3nk2/8/4p3/8/P2n3K/4b2P/b3P1PN/1q3B2 b - - 1 34|-1
r4k2/8/4pn2/8/P2n3K/4b2P/b3P1PN/1q3B2 w - - 2 35|-1
r4k2/8/4pn2/8/P2n4/4b1KP/b3P1PN/1q3B2 b - - 3 35|-1
r4k2/8/5n2/4p3/P2n4/4b1KP/b3P1PN/1q3B2 w - - 0 36|-1
r4k2/8/5n2/4p3/P2n3K/4b2P/b3P1PN/1q3B2 b - - 1 36|-1
r4k2/8/5n2/4p3/P2n3K/7P/b3P1PN/1q3Bb1 w - - 2 37|-1
r4k2/8/5n2/4p3/P2n4/6KP/b3P1PN/1q3Bb1 b - - 3 37|-1
r4k2/8/5n2/4p3/P2n4/6KP/b3P1Pb/1q3B2 w - - 0 38|-1
r4k2/8/5n2/4p3/P2n4/7P/b3P1PK/1q3B2 b - - 0 38|-1
r4k2/8/5n2/4p3/P2n4/7P/b3P1PK/5q2 w - - 0 39|-1
r4k2/8/5n2/4p3/P2n4/6KP/b3P1P1/5q2 b - - 1 39|-1
r4k2/8/5n2/4p3/P2n4/6KP/b3q1P1/8 w - - 0 40|-1
r4k2/8/5n2/4p3/P2n3K/7P/b3q1P1/8 b - - 1 40|-1
r4k2/8/5n2/8/P2np2K/7P/b3q1P1/8 w - - 0 41|-1
r4k2/8/5n2/8/P2np3/6KP/b3q1P1/8 b - - 1 41|-1
r4k2/8/5n2/8/P2n4/4p1KP/b3q1P1/8 w - - 0 42|-1
r4k2/8/5n2/8/P2n3K/4p2P/b3q1P1/8 b - - 1 42|-1
r4k2/8/5n2/8/P2n3K/4p2P/b5q1/8 w - - 0 43|-1
r4k2/8/5n2/P7/3n3K/4p2P/b5q1/8 b - - 0 43|-1
r4k2/8/5n2/P7/3n3K/7P/b3p1q1/8 w - - 0 44|-1
r4k2/8/P4n2/8/3n3K/7P/b3p1q1/8 b - - 0 44|-1
